{"cameraMode":{"drawMode":0,"name":"Shaded","section":"Shading Mode"},"sceneLighting":true,"audioPlay":false,"sceneViewState":{"showFog":true,"showMaterialUpdate":false,"showSkybox":true,"showFlares":true,"showImageEffects":true,"showParticleSystems":true},"in2DMode":false,"pivot":{"x":1.691906213760376,"y":-0.05205138772726059,"z":1.3286817073822022},"rotation":{"x":0.2617361843585968,"y":0.355827271938324,"z":-0.1036716029047966,"w":0.891406238079071},"size":2.575793743133545,"orthographic":false}