{"cameraMode":{"drawMode":0,"name":"Shaded","section":"Shading Mode"},"sceneLighting":false,"audioPlay":false,"sceneViewState":{"showFog":true,"showMaterialUpdate":false,"showSkybox":false,"showFlares":true,"showImageEffects":true,"showParticleSystems":true},"in2DMode":false,"pivot":{"x":0.5168401002883911,"y":-0.18889698386192323,"z":-0.1752769947052002},"rotation":{"x":-0.22517052292823792,"y":-0.7551973462104797,"z":0.32538115978240969,"w":-0.5226617455482483},"size":0.7288245558738709,"orthographic":false}