{"cameraMode":{"drawMode":0,"name":"Shaded","section":"Shading Mode"},"sceneLighting":false,"audioPlay":false,"sceneViewState":{"showFog":true,"showMaterialUpdate":false,"showSkybox":false,"showFlares":true,"showImageEffects":true,"showParticleSystems":true},"in2DMode":false,"pivot":{"x":0.01768822968006134,"y":-0.05322650074958801,"z":0.0},"rotation":{"x":-0.2380075603723526,"y":-0.0052528101950883869,"z":0.0012865341268479825,"w":-0.9712836146354675},"size":0.6444275379180908,"orthographic":false}