{"cameraMode":{"drawMode":0,"name":"Shaded","section":"Shading Mode"},"sceneLighting":true,"audioPlay":false,"sceneViewState":{"showFog":true,"showMaterialUpdate":false,"showSkybox":true,"showFlares":true,"showImageEffects":true,"showParticleSystems":true},"in2DMode":false,"pivot":{"x":-3.7359981536865236,"y":2.7970027923583986,"z":5.1552815437316898},"rotation":{"x":-0.19475646317005158,"y":0.18904425203800202,"z":-0.03828290104866028,"w":-0.9617024660110474},"size":21.133766174316408,"orthographic":false}