{"cameraMode":{"drawMode":0,"name":"Shaded","section":"Shading Mode"},"sceneLighting":true,"audioPlay":false,"sceneViewState":{"showFog":true,"showMaterialUpdate":false,"showSkybox":true,"showFlares":true,"showImageEffects":true,"showParticleSystems":true},"in2DMode":false,"pivot":{"x":0.07171255350112915,"y":1.4373170137405396,"z":-0.6490243077278137},"rotation":{"x":-0.23230084776878358,"y":-0.3571777641773224,"z":0.09163966029882431,"w":-0.9004009366035461},"size":0.7339884638786316,"orthographic":false}