{"cameraMode":{"drawMode":0,"name":"Shaded","section":"Shading Mode"},"sceneLighting":true,"audioPlay":false,"sceneViewState":{"showFog":true,"showMaterialUpdate":false,"showSkybox":true,"showFlares":true,"showImageEffects":true,"showParticleSystems":true},"in2DMode":false,"pivot":{"x":-0.513302206993103,"y":1.2307870388031006,"z":-0.1585320234298706},"rotation":{"x":-0.16235096752643586,"y":-0.14981704950332642,"z":0.025108078494668008,"w":-0.9751461148262024},"size":1.884204387664795,"orthographic":false}