{"cameraMode":{"drawMode":0,"name":"Shaded","section":"Shading Mode"},"sceneLighting":true,"audioPlay":false,"sceneViewState":{"showFog":true,"showMaterialUpdate":false,"showSkybox":true,"showFlares":true,"showImageEffects":true,"showParticleSystems":true},"in2DMode":false,"pivot":{"x":0.03741012513637543,"y":1.125912070274353,"z":-0.2813560664653778},"rotation":{"x":-0.13254158198833466,"y":-0.5617654323577881,"z":0.0919608324766159,"w":-0.8116233944892883},"size":1.884204387664795,"orthographic":false}