{"cameraMode":{"drawMode":0,"name":"Shaded","section":"Shading Mode"},"sceneLighting":false,"audioPlay":false,"sceneViewState":{"showFog":true,"showMaterialUpdate":false,"showSkybox":false,"showFlares":true,"showImageEffects":true,"showParticleSystems":true},"in2DMode":false,"pivot":{"x":-0.025100000202655793,"y":-0.032499998807907107,"z":0.012199999764561654},"rotation":{"x":-0.27338454127311709,"y":-0.4189724028110504,"z":0.13389544188976289,"w":-0.8554967045783997},"size":8.317895889282227,"orthographic":false}