{"cameraMode":{"drawMode":0,"name":"Shaded","section":"Shading Mode"},"sceneLighting":true,"audioPlay":false,"sceneViewState":{"showFog":true,"showMaterialUpdate":false,"showSkybox":true,"showFlares":true,"showImageEffects":true,"showParticleSystems":true},"in2DMode":false,"pivot":{"x":-0.3776267170906067,"y":-0.0756504014134407,"z":-0.1471632421016693},"rotation":{"x":-0.1428864300251007,"y":-0.4989856481552124,"z":0.0840202048420906,"w":-0.8507978320121765},"size":2.7438223361968996,"orthographic":false}