{"cameraMode":{"drawMode":0,"name":"Shaded","section":"Shading Mode"},"sceneLighting":false,"audioPlay":false,"sceneViewState":{"showFog":true,"showMaterialUpdate":false,"showSkybox":false,"showFlares":true,"showImageEffects":true,"showParticleSystems":true},"in2DMode":false,"pivot":{"x":0.11401012539863587,"y":-0.05020757019519806,"z":0.021888181567192079},"rotation":{"x":-0.15370160341262818,"y":-0.35247620940208437,"z":0.05879727378487587,"w":-0.921282172203064},"size":0.22084611654281617,"orthographic":false}