{"cameraMode":{"drawMode":0,"name":"Shaded","section":"Shading Mode"},"sceneLighting":false,"audioPlay":false,"sceneViewState":{"showFog":true,"showMaterialUpdate":false,"showSkybox":false,"showFlares":true,"showImageEffects":true,"showParticleSystems":true},"in2DMode":false,"pivot":{"x":0.045082248747348788,"y":0.11180876940488816,"z":-0.04918139427900314},"rotation":{"x":-0.20830315351486207,"y":-0.3524036407470703,"z":0.08077268302440644,"w":-0.9088264107704163},"size":0.3164414167404175,"orthographic":false}