{"cameraMode":{"drawMode":0,"name":"Shaded","section":"Shading Mode"},"sceneLighting":false,"audioPlay":false,"sceneViewState":{"showFog":true,"showMaterialUpdate":false,"showSkybox":false,"showFlares":true,"showImageEffects":true,"showParticleSystems":true},"in2DMode":false,"pivot":{"x":0.0280000027269125,"y":1.1720000505447388,"z":-0.12200000137090683},"rotation":{"x":0.10510874539613724,"y":0.7344331741333008,"z":-0.1168401911854744,"w":0.6602904796600342},"size":0.12611477077007295,"orthographic":false}