{"cameraMode":{"drawMode":0,"name":"Shaded","section":"Shading Mode"},"sceneLighting":false,"audioPlay":false,"sceneViewState":{"showFog":true,"showMaterialUpdate":false,"showSkybox":false,"showFlares":true,"showImageEffects":true,"showParticleSystems":true},"in2DMode":false,"pivot":{"x":-0.0022312700748443605,"y":0.006708957254886627,"z":0.004477471113204956},"rotation":{"x":0.04365772753953934,"y":-0.6362351179122925,"z":-0.036120105534791949,"w":-0.7694572806358337},"size":0.25587743520736697,"orthographic":false}