{"cameraMode":{"drawMode":0,"name":"Shaded","section":"Shading Mode"},"sceneLighting":false,"audioPlay":false,"sceneViewState":{"showFog":true,"showMaterialUpdate":false,"showSkybox":false,"showFlares":true,"showImageEffects":true,"showParticleSystems":true},"in2DMode":false,"pivot":{"x":0.11401012539863587,"y":-0.05020757019519806,"z":0.021888181567192079},"rotation":{"x":-0.10847458243370056,"y":-0.6956987380981445,"z":0.1074952781200409,"w":-0.7019697427749634},"size":0.22084611654281617,"orthographic":false}