{"cameraMode":{"drawMode":0,"name":"Shaded","section":"Shading Mode"},"sceneLighting":true,"audioPlay":false,"sceneViewState":{"showFog":true,"showMaterialUpdate":false,"showSkybox":true,"showFlares":true,"showImageEffects":true,"showParticleSystems":true},"in2DMode":false,"pivot":{"x":0.9014967679977417,"y":0.6654074192047119,"z":-0.09948891401290894},"rotation":{"x":-0.14609698951244355,"y":-0.55168217420578,"z":0.09884028881788254,"w":-0.8152537941932678},"size":2.278895139694214,"orthographic":false}