{"cameraMode":{"drawMode":0,"name":"Shaded","section":"Shading Mode"},"sceneLighting":true,"audioPlay":false,"sceneViewState":{"showFog":true,"showMaterialUpdate":false,"showSkybox":true,"showFlares":true,"showImageEffects":true,"showParticleSystems":true},"in2DMode":false,"pivot":{"x":-0.13914833962917329,"y":0.09902667999267578,"z":0.32911545038223269},"rotation":{"x":-0.04413807392120361,"y":-0.6511924266815186,"z":0.03836032375693321,"w":-0.7569034099578857},"size":2.8972606658935549,"orthographic":false}