{"cameraMode":{"drawMode":0,"name":"Shaded","section":"Shading Mode"},"sceneLighting":true,"audioPlay":false,"sceneViewState":{"showFog":true,"showMaterialUpdate":false,"showSkybox":true,"showFlares":true,"showImageEffects":true,"showParticleSystems":true},"in2DMode":false,"pivot":{"x":-1.7052816152572632,"y":1.8083505630493165,"z":0.005719110369682312},"rotation":{"x":-0.171003520488739,"y":-0.6081894040107727,"z":0.13637906312942506,"w":-0.76311856508255},"size":0.7338981032371521,"orthographic":false}