{"cameraMode":{"drawMode":0,"name":"Shaded","section":"Shading Mode"},"sceneLighting":false,"audioPlay":false,"sceneViewState":{"showFog":true,"showMaterialUpdate":false,"showSkybox":false,"showFlares":true,"showImageEffects":true,"showParticleSystems":true},"in2DMode":false,"pivot":{"x":0.09308820962905884,"y":-0.11533743143081665,"z":0.05538979172706604},"rotation":{"x":-0.23066414892673493,"y":-0.6321337819099426,"z":0.20515234768390656,"w":-0.7107701301574707},"size":1.120846152305603,"orthographic":false}