{"cameraMode":{"drawMode":0,"name":"Shaded","section":"Shading Mode"},"sceneLighting":true,"audioPlay":false,"sceneViewState":{"showFog":true,"showMaterialUpdate":false,"showSkybox":true,"showFlares":true,"showImageEffects":true,"showParticleSystems":true},"in2DMode":false,"pivot":{"x":-0.5461225509643555,"y":1.4100054502487183,"z":-0.5997940301895142},"rotation":{"x":0.143275648355484,"y":0.5317817330360413,"z":-0.091817706823349,"w":0.8296421766281128},"size":1.144949197769165,"orthographic":false}