{"cameraMode":{"drawMode":0,"name":"Shaded","section":"Shading Mode"},"sceneLighting":false,"audioPlay":false,"sceneViewState":{"showFog":true,"showMaterialUpdate":false,"showSkybox":false,"showFlares":true,"showImageEffects":true,"showParticleSystems":true},"in2DMode":false,"pivot":{"x":-0.0022312700748443605,"y":0.006708957254886627,"z":0.004477471113204956},"rotation":{"x":-0.24817056953907014,"y":-0.013957264833152295,"z":0.0035752630792558195,"w":-0.9686447381973267},"size":0.8558774590492249,"orthographic":false}